{
    "rmse": 0.7302233536320459,
    "mae": 0.5651777556749275,
    "r2": 0.18950274176982496
}